Rosca Alternada Com Barra,usaBarra
Rosca Bíceps Com Pegada Fechada Na Barra W,usaBarra
Rosca Com Barra,usaBarra
Rosca Direta Com Barra Deitado Em Banco Alto,usaBarra
Rosca Direta Com Barra Em Pegada Fechada,usaBarra
Rosca Direta Com Barra No Colete Scott,usaBarra
Rosca Direta Com Barra W,usaBarra
Rosca Direta Com Barra,usaBarra
Rosca Inversa Com Barra W,usaBarra
Rosca Scott Com Barra W,usaBarra
Flexão De Punho Reversa Com Barra Sobre Um Banco,usaBarra
Rosca De Punho Com Barra Atrás Das Costas,usaBarra
Rosca De Punho Com Barra,usaBarra
Rosca De Punho Reversa Com Barra,usaBarra
Rosca Inversa Com Barra,usaBarra
Desenvolvimento De Ombro Com Barra Sentado,usaBarra
Desenvolvimento De Ombros Atrás Da Cabeça Na Máquina Smith,usaBarra
Desenvolvimento De Ombros Atrás Do Pescoço Sentado,usaBarra
Desenvolvimento De Ombros Com Barra W Com Pegada Invertida,usaBarra
Desenvolvimento De Ombros Na Máquina Smith,usaBarra
Desenvolvimento Militar Com Barra No Chão Ajoelhado,usaBarra
Desenvolvimento Militar Com Barra,usaBarra
Desenvolvimento Militar Com Pegada Fechada,usaBarra
Desenvolvimento Militar Em Pé Na Máquina Smith,usaBarra
Desenvolvimento Militar Inclinado Com Barra Presa No Chão,usaBarra
Elevação Frontal Com Barra Girando,usaBarra
Elevação Frontal Com Barra W Inclinada,usaBarra
Elevação Lateral Com Barra No Chão,usaBarra
Levantamento Frontal Com Barra,usaBarra
Elevação Pélvica Com Barra,usaBarra
Elevação Pélvica Na Máquina Smith,usaBarra
Elevação Pélvica Unilateral Com Barra,usaBarra
Glúteo Coice No Smith,usaBarra
Levantamento Terra Romeno,usaBarra
Levantamento Terra,usaBarra
Pullover Com Barra No Banco Declinado,usaBarra
Pullover Com Barra W Pegada Invertida,usaBarra
Pullover Com Barra,usaBarra
Remada Curvada Com Barra De Pegada Alternada Ampla Com Adução De Escapula,usaBarra
Remada Curvada Com Barra,usaBarra
Remada Curvada Com Pegada Invertida Na Barra,usaBarra
Remada Curvada Em T,usaBarra
Remada Curvada Inclinada Com Barra,usaBarra
Remada Curvada No Smith,usaBarra
Remada T Com Alavanca,usaBarra
Remada T Com Landmine,usaBarra
Remada T Invertida Com Alavanca,usaBarra
Remada Unilateral Com Barra Landmine,usaBarra
Remada Unilateral Com Barra,usaBarra
Elevação De Panturrilha Com Barra Em Pé,usaBarra
Elevação De Panturrilha No Smith,usaBarra
Elevação De Panturrilha Sentado Com Barra,usaBarra
Panturrilha Em Pé No Smith,usaBarra
Supino Com Banco Inclinado No Smith,usaBarra
Supino Com Barra Declinado,usaBarra
Supino Com Barra No Chão,usaBarra
Supino Com Pegada Aberta,usaBarra
Supino Com Pegada Fechada,usaBarra
Supino Declinado Na Máquina Smith,usaBarra
Supino Inclinado Com Barra,usaBarra
Supino Inclinado Com Pegada Fechada,usaBarra
Supino Invertido Com Pegada Aberta,usaBarra
Supino Na Máquina Smith,usaBarra
Supino No Banco Inclinado 30 Graus Com Pegada Invertida,usaBarra
Supino No Smith Com O Triângulo,usaBarra
Supino Reto,usaBarra
Voador Unilateral No Solo Com Barra,usaBarra
Afundo Com Barra,usaBarra
Afundo Com Landmine,usaBarra
Afundo Lateral Com Barra,usaBarra
Afundo Na Máquina Smith,usaBarra
Agachamento Búlgaro Com Barra,usaBarra
Agachamento Com Salto Usando Barra Hexagonal,usaBarra
Agachamento Frontal Com Barra No Banco,usaBarra
Agachamento Frontal Com Barra No Smith,usaBarra
Agachamento Frontal,usaBarra
Agachamento Hack Com Barra,usaBarra
Agachamento Jefferson,usaBarra
Agachamento No Landmine,usaBarra
Agachamento No Smith,usaBarra
Agachamento Sumô Com Barra,usaBarra
Agachamento Unilateral Cruzado Com Barra,usaBarra
Agachamento Zercher,usaBarra
Agachamento,usaBarra
Avanço Com Barra,usaBarra
Bom Dia (1),usaBarra
Bom Dia Na Máquina Smith,usaBarra
Bom Dia,usaBarra
Elevação Com Barra Em Degrau,usaBarra
Leg Press 90 No Smith,usaBarra
Levantamento Terra Com Alavanca,usaBarra
Levantamento Terra Com Barra Hexagonal,usaBarra
Levantamento Terra Com Barra No Landmine,usaBarra
Levantamento Terra Sumô,usaBarra
Levantamento Terra Zercher,usaBarra
Peso Muerto Piernas Rígidas Con Barra,usaBarra
Ponte De Glúteos Com Barra,usaBarra
Stiff Com Barra,usaBarra
Stiff Unilateral Com Barra,usaBarra
Encolhimento De Barra Atrás Das Costas,usaBarra
Encolhimento De Barra,usaBarra
Encolhimento De Ombros Na Máquina Smith,usaBarra
Encolhimento De Ombros Por Trás Com Barra,usaBarra
Remada Alta Com Barra W,usaBarra
Remada Com Barra,usaBarra
Extensão De Tríceps Com Barra Atrás Da Cabeça,usaBarra
Extensão De Tríceps Com Barra Em Pé,usaBarra
Extensão De Tríceps Com Barra W Inclinada,usaBarra
Extensão De Tríceps Com Deitado Com Barra,usaBarra
Extensão De Tríceps Deitado Com Barra W Pegada Fechada Atrás Da Cabeça,usaBarra
Supino Fechado,usaBarra
Supino Invertido Com Pegada Fechada,usaBarra
Tríceps Francês Com Barra W Acima Da Cabeça Sentado,usaBarra
Tríceps Testa Com Barra Pegada Invertida,usaBarra
Tríceps Testa Com Barra,usaBarra
Rosca Alternada Com Halteres Sentado,isPesoBilateral
Rosca Banco Inclinado,isPesoBilateral
Rosca Bíceps Alta Com Halteres,isPesoBilateral
Rosca Bíceps Com Halteres,isPesoBilateral
Rosca Bíceps Inclinada Com Halteres Sentado,isPesoBilateral
Rosca Bíceps Sentado,isPesoBilateral
Rosca Com Halteres No Colete Scott,isPesoBilateral
Rosca Com Halteres,isPesoBilateral
Rosca Concentrada,isPesoBilateral
Rosca De Bíceps Com Halteres No Banco Scott,isPesoBilateral
Rosca Inversa Com Halteres,isPesoBilateral
Rosca Martelo Com Halter No Colete Scott,isPesoBilateral
Rosca Martelo Com Halteres No Banco Scott,isPesoBilateral
Rosca Martelo Sentada,isPesoBilateral
Rosca Martelo,isPesoBilateral
Rosca Scott Alternados Com Halteres,isPesoBilateral
Rosca Scott Com Halteres Martelo No Banco,isPesoBilateral
Rosca Scott Com Halteres,isPesoBilateral
Rosca Scott Unilateral Com Halteres,isPesoBilateral
Rosca Spider Com Único Haltere,isPesoBilateral
Rosca Spider Unilateral,isPesoBilateral
Rosca Zottman,isPesoBilateral
Flexão De Punho Com Halteres,isPesoBilateral
Rosca De Dedos Com Halteres,isPesoBilateral
Círculos De Braço Com Pesos,isPesoBilateral
Desenvolvimento Arnold (Metade),isPesoBilateral
Desenvolvimento Arnold Com Um Braço,isPesoBilateral
Desenvolvimento Arnold,isPesoBilateral
Desenvolvimento Cubano Com Halteres,isPesoBilateral
Desenvolvimento Cubano Sentado Com Halteres,isPesoBilateral
Desenvolvimento De Ombro Alternada Em Pé Com Halteres,isPesoBilateral
Desenvolvimento De Ombro Com Halteres Em Forma De W,isPesoBilateral
Desenvolvimento De Ombro Com Halteres Em Z,isPesoBilateral
Desenvolvimento De Ombro No Banco Com Halteres,isPesoBilateral
Desenvolvimento De Ombro Unilateral Com Halter,isPesoBilateral
Desenvolvimento De Ombros Com Halteres Em Pé Com Pegada Neutra,isPesoBilateral
Desenvolvimento De Ombros Com Rotação Alternada Com Halteres,isPesoBilateral
Desenvolvimento Militar De Uma Mão Com Kettlebell,isPesoBilateral
Elevação Frontal Alternada Com Halteres,isPesoBilateral
Elevação Frontal Com Dois Braços Com Halteres,isPesoBilateral
Elevação Frontal Com Halteres Sentado,isPesoBilateral
Elevação Frontal Com Halteres,isPesoBilateral
Elevação Lateral Alternada Com Halteres,isPesoBilateral
Elevação Lateral Com Braço Flexionado,isPesoBilateral
Elevação Lateral Com Halteres Com Apoio No Peito,isPesoBilateral
Elevação Lateral Com Halteres Para Deltoides Posteriores Deitado,isPesoBilateral
Elevação Lateral Com Halteres Sentado,isPesoBilateral
Elevação Lateral Com Tronco Inclinado,isPesoBilateral
Elevação Lateral De Braços Com Halteres,isPesoBilateral
Elevação Lateral De Halteres Inclinada,isPesoBilateral
Elevação Lateral Deitado,isPesoBilateral
Elevação Lateral E Frontal Com Halteres,isPesoBilateral
Elevação Lateral Unilateral Com Haltere Inclinado,isPesoBilateral
Elevação Lateral Unilateral Com Halteres,isPesoBilateral
Elevação Posterior Unilateral Com Halteres Em Decúbito Prono,isPesoBilateral
Elevações Frontais Com Halteres Apoiadas No Peito,isPesoBilateral
Levantamento De Halteres De 3 Maneiras,isPesoBilateral
Levantamento De Halteres De 4 Maneiras (2),isPesoBilateral
Levantamento Frontal Alternado Com Haltere Sentado,isPesoBilateral
Remada Com Halteres Para A Posterior De Ombros,isPesoBilateral
Remada De Deltoide Posterior Sentado Com Haltere,isPesoBilateral
Remada Lateral Com Halteres Sentado,isPesoBilateral
Serrote,isPesoBilateral
Ponte Com Halteres,isPesoBilateral
Remada Com Halteres Em Posição Prancha,isPesoBilateral
Remada Curvada Com Halteres Com Pegada Invertida,isPesoBilateral
Remada Curvada Com Halteres,isPesoBilateral
Remada Curvada Com Kettlebell,isPesoBilateral
Remada Inclinada Com Pegada Neutra Com Halteres,isPesoBilateral
Remada Inclinada Com Pegada Reversa Com Halteres,isPesoBilateral
Remada Renegada Com Halteres,isPesoBilateral
Elevação De Panturrilha Sentado Com Peso,isPesoBilateral
Levantamento De Panturrilha Com Apoio E Sobrecarga,isPesoBilateral
Crucifixo Com Halteres Declinado,isPesoBilateral
Crucifixo Com Halteres Inclinado,isPesoBilateral
Crucifixo Com Halteres,isPesoBilateral
Pullover Com Haltere,isPesoBilateral
Pullover Com Halteres Na Bola De Estabilidade,isPesoBilateral
Pullover De Braço Reto Com Halteres (Joelhos A 90 Graus),isPesoBilateral
Supino Alternado Com Halteres,isPesoBilateral
Supino Com Haltere Pegada Fechada,isPesoBilateral
Supino Com Halteres Com Pegada Fechada,isPesoBilateral
Supino Com Halteres Pegada Invertida,isPesoBilateral
Supino Com Halteres,isPesoBilateral
Supino Com Kettlebell De Um Braço,isPesoBilateral
Supino Com Kettlebell No Chão,isPesoBilateral
Supino Declinado Com Halteres,isPesoBilateral
Supino Declinado Pegada Martelo,isPesoBilateral
Supino Declinado Unilateral Pegada Martelo Com Haltere,isPesoBilateral
Supino Inclinado Com Halteres E Pegada Fechada,isPesoBilateral
Supino Inclinado Com Halteres E Pegada Invertida,isPesoBilateral
Supino Inclinado Com Halteres Em Martelo,isPesoBilateral
Supino Inclinado Com Halteres,isPesoBilateral
Supino Pegada Martelo,isPesoBilateral
Supino Unilateral Com Halteres Com Pegada Reversa,isPesoBilateral
Voador Com Halteres Para Cima,isPesoBilateral
Afundo Com Halteres,isPesoBilateral
Afundo No Banco Com Halteres,isPesoBilateral
Agachamento Búlgaro Com Halteres,isPesoBilateral
Agachamento Com Halteres No Banco,isPesoBilateral
Agachamento Com Kettlebell,isPesoBilateral
Agachamento Com Salto E Halteres,isPesoBilateral
Agachamento Em Plié Com Halteres,isPesoBilateral
Agachamento Frontal Com Haltere,isPesoBilateral
Agachamento Frontal Com Kettlebell,isPesoBilateral
Agachamento Goblet Com Haltere,isPesoBilateral
Agachamento Sumô Com Halteres,isPesoBilateral
Agachamento Unilateral Cruzado Com Haltere,isPesoBilateral
Avanço Com Halteres Para Trás,isPesoBilateral
Avanço Com Halteres,isPesoBilateral
Avanço Invertido Com Halteres,isPesoBilateral
Elevação De Joelho Com Halteres,isPesoBilateral
Flexão De Pernas Com Halteres Declinado,isPesoBilateral
Levantamento Com Suporte,isPesoBilateral
Levantamento Terra Com Halteres,isPesoBilateral
Levantamento Terra Com Kettlebell,isPesoBilateral
Levantamento Terra Romeno Com Halteres,isPesoBilateral
Levantamento Terra Sumô Com Halteres,isPesoBilateral
Stiff Com Halter,isPesoBilateral
Stiff Unilateral Com Halteres,isPesoBilateral
Encolhimento Com Halteres Em Declive,isPesoBilateral
Encolhimento Com Halteres,isPesoBilateral
Encolhimento Sentado De Gittleson Com Halteres,isPesoBilateral
Remada Alta Com Halter,isPesoBilateral
Remada Alta Com Halteres Unilateral,isPesoBilateral
Remada Invertida Com Halteres Inclinado,isPesoBilateral
Extensão De Tríceps Com Haltere Em Pronação Com Um Braço,isPesoBilateral
Extensão De Tríceps Com Haltere Unilateral Sentado,isPesoBilateral
Rosca Bíceps Alta Com Halteres,isPesoBilateral
Rosca Bíceps Inclinada Com Halteres Sentado,isPesoBilateral
Tríceps Coice Com Halteres,isPesoBilateral
Tríceps Francês Alternada Com Halteres No Banco Inclinado,isPesoBilateral
Tríceps Francês Com Halter Bilateral,isPesoBilateral
Tríceps Francês Com Halteres,isPesoBilateral
Tríceps Francês No Banco Inclinado Com Halter,isPesoBilateral
Tríceps Testa Com Banco Declinado Com Halteres,isPesoBilateral
Tríceps Testa Pegada Neutra Com Halteres,isPesoBilateral
Dips De Escápula,isPesoCorporal
Hiperextensão Com Torção,isPesoCorporal
Hiperextensão De Lombar No Banco Plano,isPesoCorporal
Hiperextensão Invertida De Sapo,isPesoCorporal
Hiperextensão No Chão,isPesoCorporal
Hiperextensão,isPesoCorporal
Superman,isPesoCorporal
Quatro Apoios,isPesoCorporal
Barra Fixa,isPesoCorporal
Pull Up,isPesoCorporal
Puxada Com Um Braço Com Peso Adicional,isPesoCorporal
Remada Invertida,isPesoCorporal
Agachamento Com Sustentação E Elevação De Panturrilhas,isPesoCorporal
Elevação De Panturrilhas,isPesoCorporal
Levantamento De Panturrilha Com Apoio De Uma Perna,isPesoCorporal
Panturrilhas Em Pé,isPesoCorporal
Paralelas,isPesoCorporal
Agachamento Búlgaro Com Salto,isPesoCorporal
Agachamento Camarão,isPesoCorporal
Agachamento Na Parede Com Bola De Exercício,isPesoCorporal
Agachamento Sissy,isPesoCorporal
Agachamento Skater,isPesoCorporal
Agachamento Sumô Sem Pesos,isPesoCorporal
Avanço Invertido,isPesoCorporal
Avanço Sem Peso Corporal,isPesoCorporal
Descida De Um Pé Só,isPesoCorporal
Flexão De Pernas Na Bola De Estabilidade,isPesoCorporal
Flexão Nórdica (2),isPesoCorporal
Flexão Nórdica,isPesoCorporal
Subida No Step Com Elevação De Joelhos,isPesoCorporal
Wall Sit,isPesoCorporal
Elevações De Ombros Na Paralela,isPesoCorporal
Flexão De Apoio Com Elevação De Braço,isPesoCorporal
Mergulho De Tríceps,isPesoCorporal
Tríceps No Banco(1),isPesoCorporal
Tríceps No Banco,isPesoCorporal